{"cameraMode":{"drawMode":0,"name":"Shaded","section":"Shading Mode"},"sceneLighting":true,"audioPlay":false,"sceneViewState":{"m_AlwaysRefresh":false,"showFog":true,"showSkybox":true,"showFlares":true,"showImageEffects":true,"showParticleSystems":true,"showVisualEffectGraphs":true,"m_FxEnabled":true},"in2DMode":false,"pivot":{"x":16.87472152709961,"y":8.754223823547364,"z":0.5674867630004883},"rotation":{"x":0.11242237687110901,"y":-0.7836766242980957,"z":0.14868591725826264,"w":0.5925430059432983},"size":0.9851845502853394,"orthographic":false}